Lead_ID,College_Name,City,City_Tier,Lead_Source,Decision_Maker_Role,Course_Type,Student_Count,Lead_Score,Pipeline_Stage,Contract_Type,Days_in_Pipeline,Deal_Value_INR,Discount_Percent,Final_Deal_Value_INR,Payment_Method,Close_Month,Gender_of_Contact,Avg_Student_Stress_Score,Monthly_Sessions_Used,Student_Satisfaction_NPS,Counseling_Utilization_Pct,Pain_Point_Rating,Willingness_to_Pay,Top_Feature_Priority
LC0001,Christ University,Chennai,Tier 1,Google Ads,HOD Wellness,Law,9733,50,Closed Won,Annual,73,1196391,26.1,884132,Online Portal,Jan,Non-binary,5.4,4,7,78.7,7,High,Counseling Booking
LC0002,IIT Bombay,Delhi,Tier 1,LinkedIn,Registrar,MBA,23140,53,Demo,Semester,88,1120129,17.5,924106,,Jul,Female,4.4,7,7,42.3,7,Low,Peer Support
LC0003,IIT Delhi,Hyderabad,Tier 1,College Partnership,HOD Wellness,Engineering,14003,82,Negotiation,Semester,24,927056,10.3,831569,,Nov,Non-binary,4.4,5,9,33.9,2,Low,Peer Support
LC0004,Symbiosis Pune,Hyderabad,Tier 1,Google Ads,Dean of Students,MBA,13866,63,Closed Lost,Annual,29,1604067,20.8,1270421,,May,Female,8.5,2,9,53.7,8,High,Sleep Tracker
LC0005,Pune University,Hyderabad,Tier 1,Google Ads,Dean of Students,Arts & Science,14545,42,Awareness,Semester,106,869987,28.9,618560,,Sep,Male,5.0,7,3,37.8,10,Medium,Sleep Tracker
LC0006,Mumbai University,Jaipur,Tier 2,Cold Email,HOD Wellness,Arts & Science,20587,32,Interest,Annual,149,2573868,25.2,1925253,,Oct,Male,5.6,7,7,55.1,8,Medium,Stress Tracker
LC0007,Mumbai University,Ahmedabad,Tier 2,Conference,Registrar,Law,3061,83,Awareness,Pilot (3 months),108,142106,4.2,136137,,Jan,Female,5.1,12,4,62.9,10,Low,Counseling Booking
LC0008,Delhi University,Bangalore,Tier 1,LinkedIn,Director,Law,21827,64,Proposal,Semester,148,1765234,15.7,1488092,,Oct,Non-binary,5.8,9,5,61.6,7,High,Peer Support
LC0009,Symbiosis Pune,Kolkata,Tier 2,Cold Email,Director,Arts & Science,7027,29,Awareness,Pilot (3 months),90,244681,28.0,176170,,Jan,Female,4.3,4,4,38.1,9,Low,Counseling Booking
LC0010,IIT Bombay,Bangalore,Tier 1,Google Ads,Registrar,Law,24251,51,Awareness,Pilot (3 months),77,647931,10.9,577306,,Nov,Male,6.6,13,6,22.5,9,Low,Stress Tracker
LC0011,Christ University,Pune,Tier 1,Google Ads,VP Academics,Law,16743,39,Awareness,Semester,140,1395752,23.8,1063563,,Feb,Female,4.3,11,2,42.3,7,High,Counseling Booking
LC0012,Symbiosis Pune,Ahmedabad,Tier 2,LinkedIn,Dean of Students,Medical,14155,49,Proposal,Annual,124,1874131,20.0,1499304,,Nov,Female,8.0,9,8,20.7,9,Medium,Counseling Booking
LC0013,Anna University,Hyderabad,Tier 1,Referral,VP Academics,Medical,14190,82,Closed Won,Semester,10,670276,5.1,636091,Online Portal,Jan,Non-binary,5.2,7,6,76.8,1,Low,Counseling Booking
LC0014,Amity University,Delhi,Tier 1,Referral,Registrar,MBA,16547,57,Demo,Semester,166,1334935,21.4,1049258,,Jan,Male,6.7,5,2,35.9,6,Low,Stress Tracker
LC0015,IIT Bombay,Ahmedabad,Tier 2,Google Ads,VP Academics,Arts & Science,4519,24,Closed Lost,Annual,157,608404,23.0,468471,,Dec,Non-binary,8.4,6,9,21.6,9,Medium,Stress Tracker
LC0016,BITS Pilani,Jaipur,Tier 2,Google Ads,Registrar,Engineering,20806,38,Interest,Annual,140,2275268,22.2,1770158,,Feb,Non-binary,7.3,11,4,11.9,10,High,Stress Tracker
LC0017,SRM Chennai,Delhi,Tier 1,Cold Email,Director,Arts & Science,6511,22,Awareness,Semester,114,435153,15.2,369009,,Jul,Female,6.7,13,1,58.4,2,High,Peer Support
LC0018,IIT Delhi,Mumbai,Tier 1,Conference,Director,Arts & Science,19349,68,Closed Won,Annual,35,1948989,18.7,1584528,Cheque,Aug,Female,5.6,12,5,57.8,2,High,Meditation
LC0019,IIT Delhi,Jaipur,Tier 2,Conference,VP Academics,Medical,14024,54,Interest,Pilot (3 months),113,355007,18.2,290395,,Jul,Female,5.7,6,7,35.5,4,High,Counseling Booking
LC0020,IIT Bombay,Mumbai,Tier 1,Cold Email,VP Academics,Medical,15042,18,Closed Lost,Annual,45,1446050,32.8,971745,,Feb,Female,7.3,4,10,15.4,6,High,Sleep Tracker
LC0021,Mumbai University,Delhi,Tier 1,Cold Email,Dean of Students,Law,12301,52,Awareness,Pilot (3 months),44,532245,13.5,460391,,Sep,Non-binary,9.0,8,10,40.7,3,Low,Sleep Tracker
LC0022,Mumbai University,Hyderabad,Tier 1,College Partnership,Director,Engineering,23284,72,Closed Lost,Pilot (3 months),152,561404,6.1,527158,,May,Non-binary,7.3,2,1,33.3,10,Low,Meditation
LC0023,Amity University,Bangalore,Tier 1,Google Ads,Dean of Students,Medical,11132,45,Awareness,Pilot (3 months),157,356268,23.2,273613,,Aug,Female,6.8,8,2,60.8,1,Medium,Counseling Booking
LC0024,BITS Pilani,Kolkata,Tier 2,College Partnership,VP Academics,Law,10179,57,Closed Lost,Annual,156,1024701,22.9,790044,,Dec,Female,7.7,7,4,55.4,10,Medium,Counseling Booking
LC0025,IIT Delhi,Ahmedabad,Tier 2,Referral,Registrar,Engineering,5717,73,Proposal,Annual,32,632828,4.5,604350,,Mar,Male,6.3,6,10,37.3,7,Medium,Counseling Booking
LC0026,Amity University,Ahmedabad,Tier 2,Google Ads,Director,Medical,2849,46,Closed Lost,Semester,34,229726,23.4,175970,,Apr,Non-binary,4.3,3,9,26.3,6,Medium,Stress Tracker
LC0027,Mumbai University,Hyderabad,Tier 1,Google Ads,Registrar,Arts & Science,8096,31,Awareness,Annual,151,784801,25.0,588600,,Dec,Non-binary,6.8,9,4,84.1,7,High,Peer Support
LC0028,Symbiosis Pune,Kolkata,Tier 2,LinkedIn,Dean of Students,Arts & Science,18352,59,Demo,Annual,32,1779788,15.9,1496801,,Nov,Non-binary,8.8,6,8,44.1,2,High,Stress Tracker
LC0029,Christ University,Mumbai,Tier 1,Google Ads,Dean of Students,Engineering,18965,37,Closed Lost,Pilot (3 months),80,790841,19.8,634254,,Nov,Female,4.9,4,4,61.6,1,Medium,Counseling Booking
LC0031,Symbiosis Pune,Bangalore,Tier 1,Referral,HOD Wellness,Engineering,14680,76,Proposal,Annual,144,1534936,6.0,1442839,,Jan,Female,7.5,0,6,20.5,2,Low,Meditation
LC0031,Amity University,Kolkata,Tier 2,Conference,Director,Medical,20404,57,Proposal,Annual,95,1799052,20.4,1432045,,May,Female,5.0,7,5,46.4,5,High,Counseling Booking
LC0032,SRM Chennai,Mumbai,Tier 1,Conference,Director,Medical,5858,87,Closed Won,Pilot (3 months),112,204201,0.0,204201,Online Portal,Jul,non binary,6.7,13,1,12.1,4,High,Counseling Booking
LC0033,Mumbai University,Kolkata,Tier 2,Google Ads,Dean of Students,Engineering,10577,44,Demo,Annual,74,868812,22.7,671591,,Nov,Female,4.5,12,4,47.9,9,Low,Peer Support
LC0034,Manipal University,Pune,Tier 1,Conference,Registrar,Engineering,10529,52,Proposal,Pilot (3 months),105,297268,11.5,263082,,Feb,Male,6.3,6,4,82.3,9,Low,Counseling Booking
LC0035,BITS Pilani,Ahmedabad,Tier 2,College Partnership,Director,Law,16623,84,Closed Won,Annual,174,1793330,11.0,1596063,Online Portal,Nov,Female,7.8,6,2,38.8,9,Low,Stress Tracker
LC0036,Pune University,Pune,Tier 1,Google Ads,Dean of Students,Law,9031,30,Closed Lost,Annual,131,922630,14.4,789771,,Sep,Non-binary,5.7,9,8,12.9,10,Low,Sleep Tracker
LC0037,Jamia Millia,Kolkata,Tier 2,College Partnership,HOD Wellness,Law,22049,77,Awareness,Semester,153,1773258,2.2,1734246,,May,Male,7.3,5,4,12.3,10,Low,Peer Support
LC0038,Osmania University,Jaipur,Tier 2,Cold Email,VP Academics,Arts & Science,11357,11,Awareness,Annual,162,1114034,23.9,847779,,Oct,Female,8.0,8,10,39.1,4,Medium,Peer Support
LC0039,IIT Delhi,Ahmedabad,Tier 2,Cold Email,Director,Arts & Science,24740,19,Closed Lost,Pilot (3 months),128,938490,29.8,658819,,Oct,Female,8.6,10,4,22.0,8,Low,Peer Support
LC0040,Jamia Millia,Bangalore,Tier 1,LinkedIn,VP Academics,Law,18095,57,Closed Lost,Annual,16,2126579,14.7,1813971,,Dec,Non-binary,5.2,11,7,11.8,6,High,Counseling Booking
LC0041,Jamia Millia,Hyderabad,Tier 1,Google Ads,Registrar,Law,8559,53,Demo,Semester,51,364185,12.2,319754,,Mar,Female,6.0,7,4,66.7,7,Low,Peer Support
LC0042,Delhi University,Pune,Tier 1,Cold Email,HOD Wellness,Engineering,6018,37,Demo,Annual,77,720804,31.4,494471,,Jul,Non-binary,4.8,7,9,44.4,8,Medium,Peer Support
LC0043,Symbiosis Pune,Hyderabad,Tier 1,Cold Email,Director,Arts & Science,6447,33,Awareness,Annual,110,546825,14.8,465894,,Feb,Female,9.0,5,6,31.7,10,High,Stress Tracker
LC0044,SRM Chennai,Mumbai,Tier 1,Conference,VP Academics,Law,4426,61,Interest,Pilot (3 months),43,208312,4.0,199979,,Sep,Male,8.6,5,5,77.5,9,Low,Meditation
LC0045,VIT Vellore,Lucknow,Tier 2,LinkedIn,VP Academics,MBA,16812,37,Interest,Semester,165,811075,24.2,614794,,Dec,Male,6.7,7,7,18.7,3,Low,Stress Tracker
LC0046,Pune University,Jaipur,Tier 2,LinkedIn,Dean of Students,Medical,7657,46,Interest,Annual,162,779887,19.5,627809,,Oct,Non-binary,8.2,9,8,81.7,6,Low,Stress Tracker
LC0047,Delhi University,Mumbai,Tier 1,Conference,VP Academics,Law,16585,59,Demo,Annual,109,1296037,9.9,1167729,,Feb,Female,6.6,10,9,33.5,1,High,Meditation
LC0048,Mumbai University,Chennai,Tier 1,Google Ads,Registrar,Arts & Science,4876,57,Awareness,Pilot (3 months),16,233682,18.5,190450,,May,Non-binary,7.1,5,6,76.6,8,Low,Meditation
LC0049,Jamia Millia,Mumbai,Tier 1,College Partnership,VP Academics,Law,24345,79,Closed Lost,Annual,108,2633107,6.2,2469854,,Feb,Non-binary,4.4,12,5,55.2,2,Medium,Peer Support
LC0050,VIT Vellore,Mumbai,Tier 1,Google Ads,Registrar,MBA,12472,23,Closed Lost,Annual,91,1432630,19.2,1157565,,Feb,Female,7.8,7,5,72.0,5,Medium,Stress Tracker
LC0051,IIT Bombay,Lucknow,Tier 2,College Partnership,Registrar,Engineering,23883,78,Negotiation,Annual,67,1834919,0.0,1834919,,Aug,Male,4.6,7,6,83.8,7,Low,Counseling Booking
LC0052,IIT Bombay,Ahmedabad,Tier 2,LinkedIn,Dean of Students,Arts & Science,13384,50,Demo,Semester,19,983701,26.4,724003,,Apr,Male,8.1,5,9,31.6,2,High,Sleep Tracker
LC0053,SRM Chennai,Jaipur,Tier 2,Referral,HOD Wellness,Engineering,4127,71,Demo,Annual,128,359516,8.3,329676,,Oct,Non-binary,7.9,0,8,82.1,2,High,Sleep Tracker
LC0054,IIT Bombay,Jaipur,Tier 2,Google Ads,Registrar,Medical,20022,52,Closed Lost,Pilot (3 months),75,912068,14.5,779818,,Apr,Non-binary,7.5,10,8,39.2,3,Medium,Sleep Tracker
LC0055,VIT Vellore,Bangalore,Tier 1,Referral,VP Academics,Engineering,19765,92,Closed Won,Semester,102,1000422,14.2,858362,Online Portal,May,Non-binary,4.2,10,2,38.9,6,Medium,Stress Tracker
LC0056,Osmania University,Mumbai,Tier 1,College Partnership,VP Academics,Law,11514,86,Demo,Annual,12,987089,0.0,987089,,Sep,Male,5.5,7,8,35.5,5,High,Meditation
LC0057,VIT Vellore,Jaipur,Tier 2,Google Ads,Registrar,MBA,11828,34,Closed Lost,Annual,93,882742,14.4,755627,,Apr,Male,5.3,8,6,50.6,6,High,Peer Support
LC0058,BITS Pilani,Delhi,Tier 1,Referral,VP Academics,Engineering,7161,76,Closed Won,Semester,84,442741,1.5,436099,Online Portal,Jun,Male,5.8,9,4,21.6,8,Medium,Peer Support
LC0059,Pune University,Bangalore,Tier 1,Referral,Director,MBA,24944,83,Closed Lost,Annual,86,2810404,4.8,2675504,,Dec,Non-binary,4.4,3,6,51.5,4,Low,Sleep Tracker
LC0060,Jamia Millia,Delhi,Tier 1,Google Ads,Dean of Students,Arts & Science,22896,56,Negotiation,Annual,78,1756833,16.2,1472226,,Jul,Non-binary,8.7,6,6,50.6,9,Low,Peer Support
LC0061,IIT Delhi,Lucknow,Tier 2,Referral,VP Academics,Arts & Science,7704,74,Proposal,Pilot (3 months),132,328287,3.8,315812,,May,Male,6.8,10,7,67.1,8,High,Counseling Booking
LC0062,Symbiosis Pune,Delhi,Tier 1,Google Ads,Dean of Students,Law,13845,42,Demo,Semester,32,845072,23.8,643944,,Mar,Non-binary,5.5,4,1,72.5,6,Low,Counseling Booking
LC0063,Manipal University,Hyderabad,Tier 1,Referral,Registrar,Law,18670,66,Closed Lost,Pilot (3 months),65,683048,8.7,623622,,Jan,Male,6.0,8,10,43.0,8,High,Meditation
LC0064,Amity University,Kolkata,Tier 2,LinkedIn,Registrar,Law,9347,40,Closed Lost,Annual,41,969610,29.2,686483,,Sep,Male,6.2,3,4,32.7,2,Medium,Peer Support
LC0065,IIT Bombay,Delhi,Tier 1,Google Ads,Registrar,MBA,5976,54,Awareness,Pilot (3 months),83,200903,14.6,171571,,Aug,Male,7.0,9,3,29.5,8,Medium,Stress Tracker
LC0066,Anna University,Lucknow,Tier 2,LinkedIn,Dean of Students,Medical,8585,71,Awareness,Annual,120,964044,10.6,861855,,Apr,Female,6.6,7,1,24.6,8,High,Peer Support
LC0067,SRM Chennai,Hyderabad,Tier 1,Conference,VP Academics,Medical,6550,64,Demo,Semester,89,317806,16.7,264732,,Dec,Female,8.6,3,5,14.3,6,Medium,Stress Tracker
LC0068,IIT Bombay,Lucknow,Tier 2,Cold Email,Director,Medical,9757,47,Closed Lost,Semester,75,484347,24.3,366650,,Aug,Non-binary,6.5,11,9,35.7,2,Low,Sleep Tracker
LC0069,Amity University,Lucknow,Tier 2,LinkedIn,Dean of Students,Arts & Science,18188,59,Closed Lost,Semester,113,1422210,17.8,1169056,,Jun,Female,9.0,5,10,30.3,5,Medium,Stress Tracker
LC0070,Pune University,Mumbai,Tier 1,Referral,Director,Arts & Science,2861,72,Interest,Pilot (3 months),161,133628,7.2,124006,,Apr,Male,8.3,5,10,82.5,1,Medium,Sleep Tracker
LC0071,Osmania University,Lucknow,Tier 2,College Partnership,VP Academics,Medical,13825,79,Proposal,Pilot (3 months),172,455664,8.2,418299,,Jan,Non-binary,5.0,8,7,51.8,2,Low,Counseling Booking
LC0072,Christ University,Delhi,Tier 1,Conference,VP Academics,Law,20154,83,Negotiation,Annual,29,1843962,11.6,1630062,,Jan,Male,8.7,11,5,36.0,1,Low,Peer Support
LC0073,BITS Pilani,Kolkata,Tier 2,LinkedIn,Dean of Students,Engineering,20752,54,Closed Lost,Semester,55,1432883,16.0,1203621,,Nov,Male,4.6,4,3,53.5,6,High,Meditation
LC0075,Anna University,Lucknow,Tier 2,Conference,HOD Wellness,Medical,14088,83,Closed Won,Pilot (3 months),120,476309,8.5,435822,Bank Transfer,Feb,FEMALE,8.1,8,4,20.4,2,Medium,Peer Support
LC0075,Osmania University,Lucknow,Tier 2,LinkedIn,Director,Engineering,17315,23,Closed Won,Annual,61,1278328,21.6,1002209,Bank Transfer,Feb,Male,5.9,9,6,43.3,3,High,Sleep Tracker
LC0076,VIT Vellore,Jaipur,Tier 2,LinkedIn,Registrar,Medical,20076,64,Proposal,Pilot (3 months),111,557062,22.2,433394,,Oct,Female,8.4,10,4,57.0,4,High,Peer Support
LC0078,BITS Pilani,Chennai,Tier 1,College Partnership,Director,Engineering,6252,76,Demo,Annual,131,772434,1.6,760075,,Nov,Non-binary,8.3,8,7,46.7,9,Low,Meditation
LC0078,Mumbai University,Pune,Tier 1,College Partnership,VP Academics,Law,22052,71,Demo,Pilot (3 months),139,877982,14.0,755064,,Aug,Female,8.0,6,10,40.1,3,High,Sleep Tracker
LC0079,Symbiosis Pune,Hyderabad,Tier 1,LinkedIn,VP Academics,Arts & Science,4825,56,Awareness,Pilot (3 months),102,118937,14.8,101334,,Mar,Female,8.0,5,4,84.5,9,High,Sleep Tracker
LC0080,IIT Bombay,Chennai,Tier 1,Cold Email,Dean of Students,Medical,4154,11,Closed Lost,Pilot (3 months),21,121825,14.8,103794,,Feb,Non-binary,5.5,8,8,76.0,3,Medium,Meditation
LC0081,IIT Delhi,Hyderabad,Tier 1,College Partnership,HOD Wellness,Medical,12134,72,Closed Won,Semester,138,627390,5.6,592256,Bank Transfer,Sep,Male,4.4,4,9,56.8,6,High,Peer Support
LC0082,Christ University,Pune,Tier 1,College Partnership,Registrar,Law,15046,79,Closed Lost,Semester,47,1056522,1.6,1039617,,Feb,Female,6.0,0,6,52.7,9,High,Meditation
LC0083,Mumbai University,Kolkata,Tier 2,College Partnership,Director,MBA,17684,92,Closed Lost,Pilot (3 months),23,432781,9.2,392965,,Dec,Female,4.9,9,5,56.5,7,High,Stress Tracker
LC0084,Jamia Millia,Bangalore,Tier 1,Google Ads,HOD Wellness,Medical,19225,38,Interest,Annual,86,1528307,18.7,1242513,,Dec,Female,7.5,10,8,25.1,8,Medium,Counseling Booking
LC0085,Pune University,Pune,Tier 1,Conference,Registrar,Engineering,15460,55,Closed Won,Annual,136,2003522,12.8,1747071,Online Portal,Feb,Non-binary,5.7,0,8,39.6,4,Low,Meditation
LC0086,IIT Bombay,Ahmedabad,Tier 2,LinkedIn,VP Academics,Law,15416,48,Closed Lost,Semester,110,763074,12.6,666926,,May,Male,8.9,4,8,13.0,7,Medium,Sleep Tracker
LC0087,Osmania University,Chennai,Tier 1,Cold Email,VP Academics,MBA,20838,45,Closed Lost,Semester,41,1446476,19.7,1161520,,Nov,Male,7.2,9,3,45.7,3,Low,Stress Tracker
LC0088,Mumbai University,Delhi,Tier 1,College Partnership,Dean of Students,Medical,4416,78,Interest,Semester,141,229648,0.0,229648,,Apr,Non-binary,8.1,14,6,50.7,3,Low,Counseling Booking
LC0089,Osmania University,Mumbai,Tier 1,,Dean of Students,Medical,6106,38,Interest,Pilot (3 months),152,161116,14.1,138398,,Aug,Non-binary,4.7,8,3,27.1,7,Low,Meditation
LC0090,IIT Bombay,Ahmedabad,Tier 2,Conference,Director,Arts & Science,12388,71,Interest,Annual,14,1108830,8.8,1011252,,May,Male,8.3,5,3,82.3,7,Medium,Counseling Booking
LC0091,SRM Chennai,Lucknow,Tier 2,Referral,HOD Wellness,MBA,23048,81,Closed Lost,Semester,51,1667181,8.9,1518801,,May,Non-binary,8.6,7,9,78.2,1,Medium,Peer Support
LC0092,Pune University,Lucknow,Tier 2,Referral,HOD Wellness,Law,4430,91,Closed Won,Pilot (3 months),56,197297,7.1,183288,Online Portal,Aug,Non-binary,6.4,12,8,64.2,10,Low,Sleep Tracker
LC0093,Manipal University,Delhi,Tier 1,College Partnership,Registrar,Engineering,16744,66,Interest,Semester,58,1287098,10.2,1155814,,Jan,Non-binary,7.0,6,3,50.0,4,Medium,Meditation
LC0094,Christ University,Delhi,Tier 1,Cold Email,Director,Medical,17264,31,Demo,Annual,21,1736710,21.8,1358107,,Feb,Male,7.8,5,9,75.2,8,High,Sleep Tracker
LC0096,Osmania University,Jaipur,Tier 2,Cold Email,Dean of Students,Law,24285,30,Demo,Annual,70,2916680,22.0,2275010,,Mar,Male,4.9,6,1,19.8,10,Low,Stress Tracker
LC0096,VIT Vellore,Hyderabad,Tier 1,Conference,Director,Arts & Science,18952,47,Interest,Semester,15,959148,16.2,803766,,Jan,Female,6.5,5,9,69.3,7,Low,Stress Tracker
LC0097,Delhi University,Jaipur,Tier 2,Conference,VP Academics,Medical,13289,68,Interest,Pilot (3 months),123,412431,22.5,319634,,May,Male,6.0,8,1,19.4,7,Low,Counseling Booking
LC0098,VIT Vellore,Pune,Tier 1,LinkedIn,Dean of Students,MBA,6205,58,Proposal,Annual,19,847206,19.4,682848,,Jun,Male,4.7,12,2,69.6,1,Low,Stress Tracker
LC0099,VIT Vellore,Bangalore,Tier 1,College Partnership,HOD Wellness,Law,20065,75,Proposal,Annual,99,1463463,3.9,1406387,,Nov,Female,5.8,8,1,30.7,4,High,Stress Tracker
LC0100,Mumbai University,Chennai,Tier 1,Referral,Dean of Students,Engineering,22964,77,Closed Won,Annual,57,1794788,5.1,1703253,Cheque,Jun,Female,4.3,7,1,75.8,4,Medium,Meditation
LC0101,Christ University,Delhi,Tier 1,LinkedIn,VP Academics,Arts & Science,21260,38,Interest,Semester,77,1078545,23.0,830479,,Jul,Male,4.1,7,7,80.8,5,High,Sleep Tracker
LC0102,Pune University,Hyderabad,Tier 1,Cold Email,Dean of Students,Law,7962,29,Closed Lost,Pilot (3 months),101,196157,11.8,173010,,Dec,Non-binary,4.7,3,3,21.2,2,Medium,Counseling Booking
LC0103,Symbiosis Pune,Chennai,Tier 1,LinkedIn,HOD Wellness,Medical,6228,50,Demo,Pilot (3 months),125,176591,20.8,139860,,Feb,Female,8.8,10,4,44.7,10,High,Stress Tracker
LC0104,Anna University,Pune,Tier 1,Referral,VP Academics,Engineering,16176,70,Proposal,Pilot (3 months),136,614574,11.6,543283,,Feb,Male,6.7,7,2,83.6,2,Low,Sleep Tracker
LC0105,Christ University,Bangalore,Tier 1,Cold Email,Registrar,Medical,18477,33,Closed Lost,Pilot (3 months),108,630327,17.0,523171,,Jan,Male,8.8,7,3,46.3,9,High,Peer Support
LC0106,Christ University,Ahmedabad,Tier 2,Conference,Director,Medical,3815,69,Demo,Pilot (3 months),169,173293,13.6,149725,,Jan,Female,6.2,17,1,74.8,3,High,Meditation
LC0107,IIT Bombay,Jaipur,Tier 2,,Registrar,MBA,6068,67,Interest,Semester,38,463186,24.0,352021,,Mar,Non-binary,5.6,8,4,54.2,6,Low,Stress Tracker
LC0108,BITS Pilani,Pune,Tier 1,Google Ads,VP Academics,MBA,18977,47,Awareness,Semester,14,1069474,25.2,799966,,Nov,Non-binary,6.5,5,9,38.1,6,Medium,Stress Tracker
LC0109,Christ University,Lucknow,Tier 2,Conference,VP Academics,Medical,7014,68,Closed Won,Pilot (3 months),68,212006,12.1,186353,Online Portal,Nov,Male,6.2,6,8,31.4,4,Medium,Stress Tracker
LC0110,Delhi University,Jaipur,Tier 2,College Partnership,VP Academics,Arts & Science,11965,74,Proposal,Pilot (3 months),102,396192,7.9,364892,,Mar,Female,4.5,11,6,25.2,8,Low,Sleep Tracker
LC0111,Amity University,Mumbai,Tier 1,LinkedIn,HOD Wellness,MBA,7395,31,Demo,Semester,132,493929,29.0,350689,,Jun,Female,7.2,8,1,67.1,2,Low,Meditation
LC0112,Symbiosis Pune,Jaipur,Tier 2,Cold Email,VP Academics,MBA,7307,34,Awareness,Semester,159,389161,26.6,285644,,Jun,Female,5.1,3,10,39.0,5,Low,Meditation
LC0113,Mumbai University,Pune,Tier 1,Conference,Director,MBA,12572,65,Interest,Pilot (3 months),121,490051,15.3,415073,,Aug,Non-binary,7.1,10,10,48.3,8,Low,Sleep Tracker
LC0114,Delhi University,Delhi,Tier 1,Conference,HOD Wellness,MBA,9388,94,Awareness,Pilot (3 months),52,317557,1.8,311840,,Oct,F,7.3,5,8,46.9,9,Low,Counseling Booking
LC0115,Manipal University,Bangalore,Tier 1,College Partnership,VP Academics,Engineering,13338,72,Demo,Semester,128,869450,8.5,795546,,May,Non-binary,4.8,13,8,53.3,6,High,Meditation
LC0117,SRM Chennai,Pune,Tier 1,LinkedIn,HOD Wellness,Medical,19003,58,Demo,Annual,157,1964931,17.0,1630892,,Dec,Female,4.3,11,1,74.9,10,Medium,Sleep Tracker
LC0117,Pune University,Delhi,Tier 1,Conference,Director,Engineering,11307,64,Demo,Pilot (3 months),148,351276,19.5,282777,,Feb,Male,7.9,6,1,83.6,7,Low,Sleep Tracker
LC0118,Anna University,Delhi,Tier 1,Referral,Director,Law,4584,65,Demo,Annual,96,643083,18.2,526041,,Jun,Non-binary,6.3,11,9,40.6,10,Medium,Stress Tracker
LC0119,Christ University,Jaipur,Tier 2,Conference,HOD Wellness,Law,10211,78,Closed Lost,Pilot (3 months),95,432196,10.2,388112,,Jun,Female,4.3,8,9,72.1,7,Low,Sleep Tracker
LC0120,Symbiosis Pune,Bangalore,Tier 1,Cold Email,Dean of Students,Law,8432,44,Interest,Pilot (3 months),48,230722,19.3,186192,,Mar,Female,9.0,10,7,67.3,10,High,Stress Tracker
LC0121,Amity University,Pune,Tier 1,LinkedIn,Registrar,Engineering,22809,64,Proposal,Pilot (3 months),73,1022829,21.6,801897,,Feb,Male,4.3,9,1,53.0,2,High,Peer Support
LC0122,Mumbai University,Pune,Tier 1,Cold Email,VP Academics,Medical,20049,24,Proposal,Pilot (3 months),30,715716,23.0,551101,,Jul,Male,7.5,5,1,81.7,6,High,Sleep Tracker
LC0123,Christ University,Lucknow,Tier 2,LinkedIn,Registrar,Law,10993,71,Demo,Annual,79,1499530,15.4,1268602,,Jul,Female,8.9,6,9,25.0,6,High,Meditation
LC0125,VIT Vellore,Hyderabad,Tier 1,Referral,Director,MBA,6101,63,Proposal,Semester,14,461198,11.6,407699,,Aug,Male,5.2,11,5,18.2,8,Medium,Stress Tracker
LC0125,Osmania University,Chennai,Tier 1,Cold Email,Registrar,Law,22480,42,Closed Lost,Semester,105,1345629,30.7,932520,,May,Non-binary,4.7,6,9,74.0,10,High,Peer Support
LC0126,Jamia Millia,Hyderabad,Tier 1,Google Ads,Dean of Students,Arts & Science,11922,71,Closed Lost,Annual,19,877671,6.0,825010,,Jul,Female,4.6,6,5,42.9,3,Medium,Counseling Booking
LC0127,Jamia Millia,Pune,Tier 1,Conference,Registrar,MBA,22133,53,Awareness,Semester,48,1179344,11.7,1041360,,Dec,Non-binary,5.5,5,1,73.5,5,Low,Counseling Booking
LC0128,IIT Delhi,Jaipur,Tier 2,Referral,Registrar,MBA,19481,73,Closed Lost,Semester,153,1261368,2.6,1228572,,Aug,Female,4.5,9,9,77.0,10,Low,Counseling Booking
LC0129,Mumbai University,Ahmedabad,Tier 2,LinkedIn,Director,MBA,5061,56,Demo,Semester,61,347215,13.4,300688,,Jul,Non-binary,7.5,14,7,14.7,10,High,Stress Tracker
LC0130,Osmania University,Pune,Tier 1,Cold Email,Director,Law,18468,28,Awareness,Semester,63,975688,24.1,740547,,Nov,Male,4.3,4,3,76.3,2,Medium,Sleep Tracker
LC0131,IIT Delhi,Mumbai,Tier 1,Conference,VP Academics,MBA,23003,46,Demo,Semester,172,1100761,24.6,829973,,Mar,Male,6.5,8,2,43.6,3,Low,Stress Tracker
LC0132,Jamia Millia,Delhi,Tier 1,Referral,HOD Wellness,Arts & Science,7525,80,Closed Lost,Pilot (3 months),64,331388,2.1,324428,,Feb,Non-binary,9.0,12,2,48.3,6,Low,Counseling Booking
LC0133,VIT Vellore,Kolkata,Tier 2,LinkedIn,VP Academics,Engineering,21392,42,Demo,Annual,180,3056423,21.9,2387066,,Mar,Female,8.1,7,9,57.0,2,Low,Sleep Tracker
LC0134,SRM Chennai,Pune,Tier 1,Google Ads,Director,Arts & Science,21026,50,Interest,Semester,59,1347324,32.7,906749,,Dec,Female,7.1,9,3,79.5,4,Low,Peer Support
LC0135,Pune University,Mumbai,Tier 1,Google Ads,VP Academics,Medical,7052,33,Demo,Semester,75,347032,30.6,240840,,Dec,Non-binary,5.5,4,4,11.4,5,High,Counseling Booking
LC0136,IIT Bombay,Mumbai,Tier 1,LinkedIn,Registrar,MBA,7609,73,Interest,Semester,173,406601,7.2,377325,,Jan,Non-binary,7.1,9,4,45.8,2,High,Meditation
LC0137,Mumbai University,Chennai,Tier 1,Google Ads,Registrar,Arts & Science,23585,35,Awareness,Pilot (3 months),111,576449,22.2,448477,,Mar,Male,6.6,7,10,61.6,3,High,Sleep Tracker
LC0138,Anna University,Bangalore,Tier 1,Referral,Director,Law,22462,76,Interest,Semester,138,1805957,5.6,1704823,,Feb,Male,6.1,10,9,64.2,6,Low,Stress Tracker
LC0139,BITS Pilani,Pune,Tier 1,Conference,Director,Medical,21829,74,Interest,Semester,12,1024774,8.1,941767,,Jul,Non-binary,4.7,11,5,61.9,3,High,Stress Tracker
LC0140,Anna University,Bangalore,Tier 1,Google Ads,VP Academics,Arts & Science,13063,30,Awareness,Annual,9,1482770,16.9,1232181,,Oct,Non-binary,8.4,15,6,20.1,9,Low,Meditation
LC0141,Symbiosis Pune,Ahmedabad,Tier 2,Conference,VP Academics,MBA,20468,67,Interest,Pilot (3 months),128,625856,13.7,540113,,Aug,F,6.2,9,5,32.5,7,High,Stress Tracker
LC0142,VIT Vellore,Jaipur,Tier 2,College Partnership,Registrar,Law,3349,90,Closed Won,Semester,40,218607,0.0,218607,Cheque,Oct,Female,5.0,8,7,36.9,7,High,Meditation
LC0143,Mumbai University,Kolkata,Tier 2,Google Ads,HOD Wellness,MBA,2929,25,Awareness,Annual,172,348264,24.0,264680,,Nov,Non-binary,5.8,8,2,70.3,10,Medium,Counseling Booking
LC0144,Christ University,Jaipur,Tier 2,College Partnership,HOD Wellness,Medical,4661,77,Demo,Annual,51,614046,8.2,563694,,Aug,Female,6.1,6,6,30.9,3,Medium,Counseling Booking
LC0145,Manipal University,Mumbai,Tier 1,Conference,Director,Arts & Science,3489,68,Closed Won,Annual,160,303062,12.6,264876,Online Portal,Mar,Male,8.1,9,7,25.8,10,Low,Stress Tracker
LC0146,SRM Chennai,Delhi,Tier 1,Cold Email,VP Academics,MBA,23019,44,Demo,Annual,9,1675592,29.9,1174589,,Oct,Female,7.7,7,8,81.8,7,Low,Sleep Tracker
LC0147,Anna University,Delhi,Tier 1,Conference,HOD Wellness,Medical,20899,50,Proposal,Semester,64,997910,15.9,839242,,Jul,Non-binary,7.8,8,10,10.7,7,Low,Stress Tracker
LC0148,Anna University,Bangalore,Tier 1,Referral,VP Academics,Law,10672,64,Interest,Annual,71,1459943,7.7,1347527,,Jun,Male,4.1,11,4,84.8,3,Medium,Counseling Booking
LC0149,Christ University,Jaipur,Tier 2,Cold Email,Dean of Students,Arts & Science,23336,41,Awareness,Pilot (3 months),162,1049498,23.1,807063,,Oct,Male,6.1,4,4,60.8,8,High,Sleep Tracker
LC0150,Manipal University,Mumbai,Tier 1,Cold Email,Registrar,Arts & Science,8907,38,Awareness,Pilot (3 months),85,341475,27.2,248593,,Jan,Male,6.4,11,5,72.1,9,Medium,Meditation
LC0151,Delhi University,Chennai,Tier 1,Google Ads,VP Academics,Medical,20747,48,Awareness,Semester,171,1394648,30.4,970675,,Nov,Female,4.1,11,2,32.1,3,High,Counseling Booking
LC0152,Pune University,Lucknow,Tier 2,Google Ads,VP Academics,Arts & Science,15650,49,Interest,Annual,77,1876163,19.7,1506558,,Dec,Female,5.3,7,1,11.1,9,Low,Meditation
LC0153,Delhi University,Jaipur,Tier 2,Google Ads,VP Academics,Law,22254,36,Awareness,Pilot (3 months),115,627761,27.4,455754,,Mar,Male,7.8,1,2,65.3,3,Medium,Peer Support
LC0155,Mumbai University,Bangalore,Tier 1,Conference,HOD Wellness,Law,22938,67,Awareness,Annual,103,3161720,14.8,2693785,,Aug,M,4.7,6,7,72.6,8,Low,Sleep Tracker
LC0155,Symbiosis Pune,Kolkata,Tier 2,Cold Email,VP Academics,Arts & Science,2992,38,Awareness,Pilot (3 months),96,101879,21.1,80382,,Aug,non binary,6.7,11,7,65.5,5,High,Counseling Booking
LC0156,Amity University,Bangalore,Tier 1,Referral,Dean of Students,MBA,18319,71,Proposal,Pilot (3 months),124,608105,9.4,550943,,Feb,Female,5.1,7,7,20.7,3,High,Meditation
LC0157,Amity University,Mumbai,Tier 1,Referral,HOD Wellness,MBA,22550,100,Proposal,Pilot (3 months),71,822038,8.3,753808,,Jul,Male,4.1,5,9,66.5,3,Medium,Meditation
LC0158,Pune University,Pune,Tier 1,College Partnership,Director,Law,19877,80,Negotiation,Semester,62,874042,0.0,874042,,Aug,Female,5.2,6,8,67.7,6,Medium,Meditation
LC0159,Symbiosis Pune,Chennai,Tier 1,LinkedIn,Director,MBA,11491,40,Demo,Pilot (3 months),126,321642,29.4,227079,,Jan,Female,8.9,10,1,59.4,8,Medium,Stress Tracker
LC0160,BITS Pilani,Mumbai,Tier 1,Referral,Registrar,Medical,23034,87,Closed Won,Annual,84,2882438,11.9,2539427,Bank Transfer,Feb,Female,8.0,9,1,67.5,10,Low,Stress Tracker
LC0161,SRM Chennai,Chennai,Tier 1,,Dean of Students,Engineering,11899,33,Awareness,Semester,180,541137,18.9,438862,,May,Female,8.8,7,3,73.4,1,High,Peer Support
LC0162,Anna University,Hyderabad,Tier 1,College Partnership,VP Academics,Arts & Science,17825,84,Closed Won,Semester,140,1200199,7.0,1116185,Online Portal,Nov,Non-binary,6.4,6,2,56.0,6,Medium,Peer Support
LC0163,BITS Pilani,Hyderabad,Tier 1,Google Ads,Dean of Students,Medical,10024,58,Proposal,Pilot (3 months),166,299601,17.5,247170,,Jun,Non-binary,4.5,6,8,16.6,1,Low,Meditation
LC0164,SRM Chennai,Delhi,Tier 1,Cold Email,Director,Law,24445,25,Awareness,Semester,108,1426375,23.3,1094029,,Jan,Non-binary,6.7,5,7,46.6,8,Low,Stress Tracker
LC0165,VIT Vellore,Chennai,Tier 1,Cold Email,VP Academics,Engineering,15306,46,Closed Lost,Pilot (3 months),156,473393,19.2,382501,,Dec,Male,6.3,12,6,15.8,3,Low,Sleep Tracker
LC0166,Mumbai University,Jaipur,Tier 2,Conference,Dean of Students,Law,11746,69,Closed Lost,Annual,33,1146508,11.6,1013513,,Nov,Female,8.2,7,10,40.6,4,High,Sleep Tracker
LC0167,Delhi University,Kolkata,Tier 2,,HOD Wellness,Engineering,16861,54,Awareness,Semester,8,1217362,14.9,1035975,,Sep,Non-binary,4.5,11,2,40.5,7,Medium,Meditation
LC0168,Amity University,Lucknow,Tier 2,Referral,VP Academics,Medical,4391,100,Proposal,Pilot (3 months),137,136695,10.9,121795,,Dec,Female,6.4,12,9,15.0,9,Medium,Stress Tracker
LC0169,Manipal University,Bangalore,Tier 1,LinkedIn,HOD Wellness,Engineering,24564,52,Closed Lost,Semester,176,1616040,17.7,1330000,,Oct,Non-binary,4.8,10,1,36.2,9,Low,Sleep Tracker
LC0170,IIT Bombay,Hyderabad,Tier 1,Google Ads,Dean of Students,MBA,3963,35,Demo,Semester,102,245682,20.1,196299,,Dec,Male,5.6,6,4,18.3,8,Medium,Stress Tracker
LC0171,Jamia Millia,Bangalore,Tier 1,Referral,VP Academics,Medical,7179,69,Interest,Annual,150,859931,18.9,697404,,Oct,Male,7.7,9,4,70.6,7,High,Peer Support
LC0172,IIT Delhi,Bangalore,Tier 1,College Partnership,Registrar,Arts & Science,16404,65,Interest,Pilot (3 months),172,762522,0.8,756421,,Apr,Non-binary,6.4,7,10,81.1,8,Medium,Meditation
LC0173,Osmania University,Kolkata,Tier 2,Google Ads,Registrar,Law,15619,44,Interest,Pilot (3 months),159,649465,27.7,469563,,Nov,Male,5.9,5,8,15.4,7,Low,Meditation
LC0174,IIT Bombay,Mumbai,Tier 1,College Partnership,Director,MBA,17867,79,Proposal,Annual,162,1562928,0.0,1562928,,Jun,Female,6.0,8,5,81.6,8,High,Stress Tracker
LC0175,Delhi University,Bangalore,Tier 1,Referral,VP Academics,Arts & Science,17218,83,Closed Won,Annual,79,1278353,3.2,1237445,Online Portal,Sep,Female,6.3,4,1,49.2,8,Medium,Stress Tracker
LC0176,Christ University,Chennai,Tier 1,,Dean of Students,Engineering,8685,89,Negotiation,Pilot (3 months),83,263106,0.0,263106,,Sep,Male,7.9,11,2,32.5,3,High,Counseling Booking
LC0177,Delhi University,Kolkata,Tier 2,Referral,Registrar,MBA,13147,80,Negotiation,Semester,34,880760,0.0,880760,,Dec,Female,8.5,6,5,15.8,2,Medium,Sleep Tracker
LC0178,Jamia Millia,Hyderabad,Tier 1,Referral,Director,Arts & Science,21879,97,Closed Won,Annual,130,1656298,10.8,1477417,Bank Transfer,Dec,Non-binary,8.8,8,9,47.5,10,High,Peer Support
LC0179,Christ University,Pune,Tier 1,Cold Email,VP Academics,Medical,6707,31,Awareness,Annual,23,722601,19.7,580248,,Oct,Non-binary,7.9,8,10,69.6,1,Low,Sleep Tracker
LC0180,SRM Chennai,Bangalore,Tier 1,Conference,Registrar,Engineering,12242,97,Proposal,Semester,93,821039,6.7,766029,,Feb,Non-binary,5.6,7,1,63.0,4,Low,Counseling Booking
LC0181,BITS Pilani,Delhi,Tier 1,Referral,VP Academics,Arts & Science,12463,87,Closed Won,Pilot (3 months),77,399088,4.8,379931,Online Portal,Jul,Female,7.4,9,3,13.8,5,Low,Stress Tracker
LC0182,IIT Bombay,Kolkata,Tier 2,,Director,Engineering,13317,24,Closed Lost,Semester,170,990495,24.4,748814,,Nov,Non-binary,6.2,6,6,15.5,1,High,Sleep Tracker
LC0183,SRM Chennai,Mumbai,Tier 1,LinkedIn,Dean of Students,Arts & Science,15065,42,Demo,Annual,90,1200304,22.4,931435,,Dec,Male,5.3,10,1,40.2,5,High,Meditation
LC0184,SRM Chennai,Ahmedabad,Tier 2,Cold Email,Director,Law,6284,40,Demo,Semester,77,283758,15.6,239491,,Apr,Non-binary,8.2,3,4,32.1,4,Low,Sleep Tracker
LC0185,BITS Pilani,Hyderabad,Tier 1,College Partnership,Dean of Students,Medical,14141,72,Interest,Pilot (3 months),73,586519,10.0,527867,,Aug,Female,4.2,8,10,27.4,9,Low,Stress Tracker
LC0186,Manipal University,Hyderabad,Tier 1,LinkedIn,HOD Wellness,MBA,18874,63,Demo,Annual,174,2032265,12.5,1778231,,Jun,Female,8.5,13,3,31.1,5,High,Sleep Tracker
LC0187,Amity University,Ahmedabad,Tier 2,College Partnership,Registrar,Arts & Science,20404,80,Closed Won,Semester,173,1446906,0.0,1446906,Online Portal,Nov,Non-binary,6.3,4,7,70.3,3,High,Counseling Booking
LC0188,Pune University,Chennai,Tier 1,Conference,HOD Wellness,Engineering,5479,64,Interest,Pilot (3 months),83,188674,12.9,164335,,Nov,Male,7.2,5,2,79.7,8,High,Peer Support
LC0189,Amity University,Pune,Tier 1,Google Ads,Dean of Students,Medical,12456,34,Awareness,Pilot (3 months),55,372604,29.5,262685,,Nov,Male,7.3,9,5,40.4,10,High,Stress Tracker
LC0190,Osmania University,Hyderabad,Tier 1,Google Ads,VP Academics,MBA,9921,26,Interest,Pilot (3 months),45,433135,26.3,319220,,Jul,Male,8.5,8,3,78.0,8,High,Meditation
LC0191,IIT Delhi,Hyderabad,Tier 1,Cold Email,Dean of Students,Engineering,17285,29,Awareness,Pilot (3 months),139,746469,20.3,594935,,Mar,Female,7.2,9,10,34.1,9,Medium,Counseling Booking
LC0192,Christ University,Mumbai,Tier 1,College Partnership,Dean of Students,Medical,6014,85,Proposal,Pilot (3 months),68,244605,3.3,236533,,Sep,Male,7.1,9,4,45.7,9,Medium,Stress Tracker
LC0194,Symbiosis Pune,Hyderabad,Tier 1,,VP Academics,Engineering,10764,67,Interest,Pilot (3 months),21,328640,13.4,284602,,Oct,Female,4.3,9,10,27.0,2,Medium,Meditation
LC0194,IIT Bombay,Kolkata,Tier 2,Google Ads,HOD Wellness,Medical,16732,30,Awareness,Annual,160,1915757,32.4,1295051,,Jan,Non-binary,6.6,11,7,58.0,10,High,Meditation
LC0195,Christ University,Chennai,Tier 1,Conference,Registrar,MBA,10123,67,Interest,Pilot (3 months),110,330651,16.9,274770,,Jan,Non-binary,4.8,9,9,83.4,2,High,Stress Tracker
LC0196,Anna University,Pune,Tier 1,Conference,Dean of Students,MBA,6616,69,Closed Won,Pilot (3 months),176,173325,17.2,143513,Online Portal,Nov,Female,7.7,7,6,55.3,5,High,Counseling Booking
LC0197,Amity University,Delhi,Tier 1,Google Ads,Dean of Students,Engineering,5172,34,Interest,Pilot (3 months),88,237992,27.2,173258,,Mar,Female,6.6,10,7,36.8,9,Low,Meditation
LC0198,Jamia Millia,Pune,Tier 1,Google Ads,Registrar,Medical,3658,46,Proposal,Semester,42,174656,23.2,134135,,Sep,Non-binary,7.4,13,3,58.6,6,Low,Peer Support
LC0199,Pune University,Chennai,Tier 1,LinkedIn,Dean of Students,Arts & Science,11509,55,Closed Won,Annual,13,1616060,13.7,1394659,Online Portal,Aug,Non-binary,4.2,7,2,19.2,9,Low,Counseling Booking
LC0200,Jamia Millia,Jaipur,Tier 2,LinkedIn,Registrar,MBA,14587,41,Demo,Annual,174,1518687,21.0,1199762,,Aug,Female,4.4,5,9,76.6,1,Low,Meditation
LC0201,Christ University,Kolkata,Tier 2,Referral,Registrar,Arts & Science,22164,84,Interest,Semester,134,1103226,4.6,1052477,,Mar,Non-binary,7.6,11,6,47.7,8,Medium,Stress Tracker
LC0202,VIT Vellore,Jaipur,Tier 2,College Partnership,Registrar,Arts & Science,15701,81,Closed Won,Pilot (3 months),82,581025,4.8,553135,Cheque,Feb,Non-binary,4.4,7,1,43.7,9,High,Stress Tracker
LC0203,IIT Bombay,Chennai,Tier 1,Google Ads,VP Academics,Law,10135,57,Demo,Semester,73,797256,18.6,648966,,Aug,Male,4.4,1,2,53.9,4,Medium,Counseling Booking
LC0204,Pune University,Mumbai,Tier 1,Conference,HOD Wellness,Engineering,7233,77,Negotiation,Semester,114,526225,5.3,498335,,Jun,Male,4.1,10,7,56.9,7,High,Meditation
LC0205,SRM Chennai,Delhi,Tier 1,College Partnership,HOD Wellness,Engineering,12729,58,Demo,Semester,110,965820,18.7,785211,,Apr,Non-binary,8.8,6,4,15.4,2,Medium,Meditation
LC0206,Delhi University,Pune,Tier 1,Referral,Director,Engineering,20929,68,Interest,Annual,106,2499600,14.6,2134658,,Jun,Non-binary,7.7,7,2,61.2,4,Low,Counseling Booking
LC0207,Manipal University,Bangalore,Tier 1,Conference,VP Academics,Medical,12247,71,Demo,Annual,16,1492222,5.4,1411642,,May,Male,5.8,8,6,28.1,5,Medium,Counseling Booking
LC0208,IIT Delhi,Lucknow,Tier 2,Cold Email,Director,MBA,8220,41,Interest,Annual,156,1094427,12.0,963095,,Jan,Non-binary,5.5,8,10,63.5,1,Medium,Counseling Booking
LC0209,Symbiosis Pune,Pune,Tier 1,Referral,HOD Wellness,MBA,7221,86,Closed Won,Pilot (3 months),153,216572,9.6,195781,Online Portal,Sep,Female,5.7,10,10,71.7,8,High,Peer Support
LC0211,Anna University,Mumbai,Tier 1,Google Ads,HOD Wellness,Law,18327,91,Closed Won,Pilot (3 months),55,655120,6.7,611226,Bank Transfer,Apr,Non-binary,7.9,6,10,70.3,5,Low,Peer Support
LC0211,Symbiosis Pune,Delhi,Tier 1,Cold Email,HOD Wellness,Law,18866,41,Interest,Semester,94,967652,27.0,706385,,Sep,Non-binary,7.3,9,7,51.4,6,Medium,Peer Support
LC0212,Pune University,Lucknow,Tier 2,Cold Email,Dean of Students,Law,17296,48,Closed Lost,Annual,63,2475266,7.5,2289621,,Nov,male,4.9,7,6,49.0,2,High,Stress Tracker
LC0213,Amity University,Kolkata,Tier 2,Referral,Director,Arts & Science,18343,91,Closed Won,Annual,143,2567511,15.4,2172114,Cheque,Jul,Male,4.9,10,1,20.7,8,Low,Peer Support
LC0215,Jamia Millia,Chennai,Tier 1,Google Ads,VP Academics,Engineering,12110,52,Interest,Pilot (3 months),170,302099,14.3,258898,,Jul,Non-binary,4.5,9,5,68.2,2,Low,Peer Support
LC0215,Delhi University,Chennai,Tier 1,Conference,Director,Medical,18297,61,Interest,Pilot (3 months),128,748965,20.5,595427,,Apr,Male,7.3,5,8,30.4,4,High,Peer Support
LC0216,Amity University,Kolkata,Tier 2,Cold Email,HOD Wellness,MBA,2759,44,Awareness,Annual,178,382446,16.8,318195,,Feb,Male,7.8,11,8,47.3,4,High,Meditation
LC0217,Anna University,Lucknow,Tier 2,Referral,VP Academics,Medical,4950,70,Interest,Annual,98,420757,18.1,344599,,Aug,Non-binary,5.3,6,4,31.3,10,High,Sleep Tracker
LC0218,IIT Bombay,Jaipur,Tier 2,Referral,Director,Engineering,14885,77,Interest,Pilot (3 months),136,560132,0.0,560132,,Aug,Non-binary,4.1,10,6,20.0,6,Low,Peer Support
LC0219,Osmania University,Delhi,Tier 1,Conference,HOD Wellness,Engineering,18562,59,Awareness,Pilot (3 months),83,853327,11.9,751781,,Oct,Male,4.4,9,9,57.2,10,High,Counseling Booking
LC0220,Christ University,Kolkata,Tier 2,Google Ads,HOD Wellness,MBA,16982,45,Interest,Annual,50,1264209,31.6,864718,,Aug,Non-binary,8.8,13,7,14.1,7,Medium,Peer Support
LC0221,Pune University,Lucknow,Tier 2,Referral,VP Academics,Arts & Science,9888,100,Demo,Semester,175,704931,4.0,676733,,Feb,Non-binary,5.5,7,7,66.1,3,High,Sleep Tracker
LC0222,Osmania University,Hyderabad,Tier 1,Referral,Registrar,Law,9049,57,Closed Lost,Semester,149,493067,16.1,413683,,Aug,Male,7.8,6,3,33.8,10,Medium,Stress Tracker
LC0223,Christ University,Pune,Tier 1,Referral,VP Academics,Arts & Science,21115,88,Interest,Semester,53,1706612,9.4,1546190,,Aug,Male,7.1,7,10,10.0,3,Medium,Stress Tracker
LC0224,Amity University,Mumbai,Tier 1,College Partnership,Registrar,Engineering,13563,55,Demo,Semester,82,1122805,17.5,926314,,Jun,Female,5.9,7,7,48.3,4,Medium,Peer Support
LC0225,BITS Pilani,Kolkata,Tier 2,LinkedIn,Dean of Students,Engineering,3594,49,Demo,Annual,31,503113,22.8,388403,,Feb,Non-binary,5.0,10,2,13.5,4,Medium,Counseling Booking
LC0226,Mumbai University,Mumbai,Tier 1,Conference,VP Academics,Arts & Science,3656,78,Closed Lost,Semester,127,226368,6.8,210974,,Aug,Female,4.6,3,10,30.7,1,High,Counseling Booking
LC0227,Delhi University,Jaipur,Tier 2,College Partnership,Registrar,Law,11219,75,Interest,Semester,39,877390,17.0,728233,,Dec,Male,7.1,4,5,63.0,10,Low,Meditation
LC0228,VIT Vellore,Jaipur,Tier 2,Referral,Director,Law,18216,67,Demo,Pilot (3 months),73,806407,14.7,687865,,Nov,Non-binary,7.9,4,4,14.7,6,Medium,Counseling Booking
LC0229,Jamia Millia,Hyderabad,Tier 1,LinkedIn,HOD Wellness,Engineering,21579,46,Closed Lost,Semester,150,1195524,23.0,920553,,Jan,Male,7.2,10,2,73.0,9,High,Meditation
LC0230,Delhi University,Chennai,Tier 1,Conference,Dean of Students,Law,23438,73,Closed Won,Pilot (3 months),53,1028786,10.3,922821,Online Portal,Feb,Non-binary,6.7,13,2,10.3,5,Medium,Meditation
LC0231,Amity University,Kolkata,Tier 2,Cold Email,VP Academics,Law,24037,26,Negotiation,Pilot (3 months),92,598237,27.5,433721,,Jul,Non-binary,4.2,7,5,28.5,10,High,Counseling Booking
LC0232,Jamia Millia,Delhi,Tier 1,Conference,Registrar,MBA,17420,67,Demo,Annual,174,2002105,20.9,1583665,,Jul,Female,8.8,7,3,65.6,9,Medium,Counseling Booking
LC0233,Anna University,Chennai,Tier 1,College Partnership,Director,MBA,11363,75,Interest,Annual,29,1006314,8.2,923796,,Jan,Male,8.0,8,7,33.7,3,Low,Meditation
LC0234,Amity University,Lucknow,Tier 2,College Partnership,Registrar,Medical,19586,67,Negotiation,Annual,63,1580214,9.3,1433254,,Sep,Non-binary,5.5,11,3,17.6,6,Medium,Stress Tracker
LC0235,Anna University,Chennai,Tier 1,College Partnership,VP Academics,Arts & Science,2267,100,Closed Lost,Annual,97,175784,13.2,152580,,Sep,Female,8.9,5,7,37.0,5,Low,Peer Support
LC0236,IIT Delhi,Delhi,Tier 1,,Registrar,Engineering,5522,72,Proposal,Pilot (3 months),64,224805,0.0,224805,,Jan,Male,7.0,8,6,30.3,5,Low,Stress Tracker
LC0237,BITS Pilani,Pune,Tier 1,Google Ads,VP Academics,Law,16120,20,Interest,Annual,85,1555112,23.5,1189660,,Feb,Female,6.9,10,6,73.2,10,High,Counseling Booking
LC0239,VIT Vellore,Jaipur,Tier 2,Referral,Registrar,Medical,6388,82,Proposal,Pilot (3 months),114,264427,1.2,261253,,Oct,Male,7.7,9,2,33.5,5,Medium,Sleep Tracker
LC0239,Manipal University,Pune,Tier 1,Conference,HOD Wellness,MBA,10666,57,Closed Won,Annual,91,818142,14.7,697875,Cheque,Oct,Non-binary,8.1,8,2,69.2,9,Medium,Counseling Booking
LC0240,IIT Delhi,Kolkata,Tier 2,Cold Email,VP Academics,Law,13985,45,Awareness,Semester,102,772562,23.6,590237,,Nov,Female,7.3,11,1,76.9,2,Low,Meditation
LC0241,IIT Bombay,Chennai,Tier 1,Cold Email,VP Academics,Arts & Science,15213,25,Awareness,Semester,73,983651,23.6,751509,,May,Female,4.6,0,5,42.5,3,Medium,Sleep Tracker
LC0242,Anna University,Kolkata,Tier 2,Cold Email,Dean of Students,MBA,13991,33,Interest,Pilot (3 months),156,601296,24.1,456383,,Sep,Non-binary,5.7,10,8,78.2,7,High,Sleep Tracker
LC0244,VIT Vellore,Pune,Tier 1,Referral,HOD Wellness,Engineering,3482,86,Closed Won,Semester,82,192859,13.1,167594,Online Portal,Sep,Male,8.6,6,6,38.3,1,Low,Peer Support
LC0244,Anna University,Jaipur,Tier 2,LinkedIn,VP Academics,Law,15126,65,Interest,Semester,125,1032915,17.3,854220,,Apr,Non-binary,5.1,2,5,82.3,5,Low,Counseling Booking
LC0245,Osmania University,Bangalore,Tier 1,,Director,Medical,3676,60,Interest,Pilot (3 months),37,166388,13.8,143426,,Nov,Female,5.9,9,2,16.7,3,High,Peer Support
LC0246,Jamia Millia,Hyderabad,Tier 1,Referral,Registrar,Engineering,20686,75,Proposal,Semester,127,1403881,9.8,1266300,,Nov,Non-binary,6.2,12,3,61.5,3,High,Stress Tracker
LC0247,Pune University,Kolkata,Tier 2,College Partnership,Director,Law,20409,69,Demo,Semester,20,1056865,20.9,835980,,Aug,Female,6.2,7,2,47.0,4,High,Sleep Tracker
LC0248,Mumbai University,Kolkata,Tier 2,Referral,Registrar,Law,8378,72,Proposal,Semester,169,360462,0.0,360462,,Jun,Non-binary,7.1,10,3,39.1,3,Medium,Peer Support
LC0249,IIT Delhi,Bangalore,Tier 1,College Partnership,Registrar,Law,13879,96,Demo,Annual,156,1868767,8.0,1719265,,Jun,Male,8.7,12,7,57.5,6,High,Stress Tracker
LC0250,Mumbai University,Lucknow,Tier 2,Referral,Dean of Students,Law,20128,84,Negotiation,Pilot (3 months),155,493346,8.5,451411,,Jan,Female,5.2,11,8,62.8,4,High,Counseling Booking
LC0251,Anna University,Lucknow,Tier 2,LinkedIn,VP Academics,Law,11456,39,Interest,Annual,165,1546313,20.5,1229318,,Apr,Female,4.6,12,9,10.3,7,Low,Counseling Booking
LC0252,BITS Pilani,Pune,Tier 1,Conference,Registrar,Engineering,4409,76,Awareness,Semester,25,283125,11.9,249433,,Aug,Male,5.0,10,9,22.5,8,Medium,Meditation
LC0253,IIT Bombay,Kolkata,Tier 2,Cold Email,Dean of Students,Arts & Science,14659,60,Demo,Semester,127,1193841,14.2,1024315,,Jun,Non-binary,8.4,8,9,63.5,3,Low,Stress Tracker
LC0254,IIT Bombay,Jaipur,Tier 2,College Partnership,Director,Arts & Science,18523,87,Demo,Annual,56,2398958,5.6,2264616,,Sep,Male,7.2,3,7,60.0,10,Low,Stress Tracker
LC0255,Symbiosis Pune,Mumbai,Tier 1,Referral,Dean of Students,Engineering,16757,61,Awareness,Semester,135,1406134,14.1,1207869,,Oct,Non-binary,5.4,7,2,82.5,5,High,Peer Support
LC0256,Manipal University,Pune,Tier 1,LinkedIn,Director,Arts & Science,20017,49,Closed Lost,Pilot (3 months),37,648892,22.1,505486,,Oct,Male,8.1,5,1,67.1,7,Medium,Sleep Tracker
LC0257,Osmania University,Pune,Tier 1,LinkedIn,VP Academics,Medical,11165,70,Demo,Pilot (3 months),104,473535,9.5,428549,,Aug,Male,8.3,14,2,81.3,7,High,Sleep Tracker
LC0258,IIT Bombay,Hyderabad,Tier 1,Cold Email,Registrar,Medical,22422,26,Negotiation,Pilot (3 months),142,754418,14.8,642764,,Dec,Female,8.2,7,6,62.7,8,Low,Meditation
LC0259,Jamia Millia,Kolkata,Tier 2,Referral,HOD Wellness,Engineering,24295,85,Proposal,Semester,83,1510050,13.0,1313743,,Nov,Female,8.6,8,9,32.4,2,Medium,Meditation
LC0260,Amity University,Lucknow,Tier 2,Conference,Director,Medical,22022,74,Negotiation,Pilot (3 months),112,860182,0.8,853300,,Jun,Non-binary,5.3,9,2,17.9,2,Low,Meditation
LC0261,Jamia Millia,Lucknow,Tier 2,College Partnership,Registrar,Engineering,5893,63,Closed Won,Pilot (3 months),20,264997,10.0,238497,Online Portal,Dec,Male,7.8,8,10,68.6,7,Low,Stress Tracker
LC0262,Delhi University,Chennai,Tier 1,Conference,HOD Wellness,Medical,6216,64,Proposal,Semester,45,517988,4.2,496232,,Aug,Non-binary,6.3,13,10,58.3,9,Medium,Counseling Booking
LC0263,Delhi University,Ahmedabad,Tier 2,Google Ads,HOD Wellness,MBA,5168,6,Interest,Annual,42,657967,18.8,534269,,Feb,Male,8.2,6,6,13.6,5,High,Counseling Booking
LC0264,Christ University,Ahmedabad,Tier 2,LinkedIn,Director,Engineering,14907,42,Demo,Annual,58,1521694,15.4,1287353,,Feb,Male,7.6,8,7,37.0,6,High,Peer Support
LC0265,Manipal University,Ahmedabad,Tier 2,LinkedIn,Registrar,Law,14228,51,Interest,Semester,94,849368,23.2,652314,,Nov,Female,7.9,5,1,81.8,8,Low,Sleep Tracker
LC0266,Amity University,Hyderabad,Tier 1,,HOD Wellness,Medical,13111,20,Closed Lost,Pilot (3 months),111,546754,27.0,399130,,Apr,Male,7.3,4,5,47.5,8,High,Sleep Tracker
LC0267,Delhi University,Jaipur,Tier 2,Referral,Dean of Students,MBA,20279,99,Closed Won,Annual,152,1808723,1.6,1779783,Online Portal,Jan,non binary,4.9,6,7,42.5,6,Medium,Peer Support
LC0268,Pune University,Ahmedabad,Tier 2,Google Ads,Dean of Students,Engineering,13980,27,Closed Lost,Annual,124,1117758,33.3,745544,,Jun,Female,6.7,7,7,44.3,10,Medium,Stress Tracker
LC0269,Amity University,Bangalore,Tier 1,Google Ads,Registrar,Medical,6727,39,Awareness,Annual,43,656103,26.9,479611,,Jun,Male,8.9,6,2,25.7,1,High,Counseling Booking
LC0270,Osmania University,Delhi,Tier 1,,VP Academics,Law,8522,46,Negotiation,Semester,87,460733,20.4,366743,,Nov,Male,8.7,5,9,37.7,2,High,Meditation
LC0271,BITS Pilani,Pune,Tier 1,Referral,Dean of Students,Medical,21741,97,Closed Lost,Annual,53,2029178,0.0,2029178,,May,Non-binary,4.2,3,4,37.7,8,Low,Counseling Booking
LC0272,SRM Chennai,Jaipur,Tier 2,College Partnership,Director,MBA,18682,57,Awareness,Annual,27,1659330,26.5,1219607,,Sep,Non-binary,4.8,7,10,13.9,6,Medium,Peer Support
LC0273,Mumbai University,Lucknow,Tier 2,,Registrar,Arts & Science,15152,68,Awareness,Semester,131,663171,8.1,609454,,Sep,Non-binary,4.7,3,9,67.6,2,High,Counseling Booking
LC0274,Anna University,Chennai,Tier 1,Referral,HOD Wellness,Arts & Science,18386,80,Closed Won,Semester,92,786014,0.0,786014,Online Portal,Jun,Female,7.6,10,3,41.2,9,High,Meditation
LC0275,Amity University,Delhi,Tier 1,Google Ads,Dean of Students,MBA,3319,33,Interest,Semester,168,277084,27.1,201994,,Dec,Female,8.1,8,7,71.7,7,High,Sleep Tracker
LC0277,Jamia Millia,Hyderabad,Tier 1,LinkedIn,Registrar,MBA,3484,60,Closed Won,Annual,52,358154,27.2,260736,Cheque,Feb,Female,5.1,3,3,73.8,4,Low,Peer Support
LC0277,Symbiosis Pune,Pune,Tier 1,LinkedIn,Registrar,Engineering,3275,57,Awareness,Annual,87,326424,21.9,254937,,Jan,Female,6.5,7,3,25.9,7,Medium,Stress Tracker
LC0278,Symbiosis Pune,Hyderabad,Tier 1,Google Ads,VP Academics,Arts & Science,6490,37,Proposal,Semester,169,457838,24.8,344294,,Mar,Female,8.2,5,5,59.3,4,Low,Counseling Booking
LC0279,Mumbai University,Hyderabad,Tier 1,Google Ads,HOD Wellness,Engineering,12913,45,Interest,Pilot (3 months),21,377551,25.0,283163,,Aug,Female,7.7,8,5,45.4,8,Medium,Counseling Booking
LC0280,Symbiosis Pune,Bangalore,Tier 1,,HOD Wellness,Medical,17523,50,Awareness,Semester,8,1435105,26.3,1057672,,Mar,Male,6.7,12,5,76.0,5,Medium,Stress Tracker
LC0281,Pune University,Mumbai,Tier 1,Cold Email,HOD Wellness,MBA,19017,36,Awareness,Annual,122,2445906,25.8,1814862,,Dec,Non-binary,7.0,2,8,26.2,6,Low,Stress Tracker
LC0282,SRM Chennai,Mumbai,Tier 1,Conference,Director,Engineering,16974,72,Closed Won,Annual,77,1331399,6.4,1246189,Online Portal,Dec,Non-binary,6.5,8,3,60.8,5,High,Meditation
LC0283,Christ University,Hyderabad,Tier 1,Conference,Registrar,MBA,6880,84,Closed Won,Semester,60,409624,5.5,387094,Online Portal,Dec,Non-binary,5.5,7,2,55.6,6,Low,Counseling Booking
LC0284,Christ University,Ahmedabad,Tier 2,LinkedIn,Director,Engineering,21865,40,Demo,Pilot (3 months),50,986086,21.7,772105,,Jul,Male,6.8,10,3,32.1,9,High,Peer Support
LC0285,VIT Vellore,Lucknow,Tier 2,College Partnership,Director,Medical,18892,100,Negotiation,Pilot (3 months),154,881757,1.2,871175,,Feb,Non-binary,7.4,8,7,20.2,10,Low,Counseling Booking
LC0286,Manipal University,Delhi,Tier 1,College Partnership,Registrar,Medical,6580,51,Closed Lost,Annual,47,695196,13.6,600649,,May,M,8.4,5,5,58.9,3,High,Meditation
LC0287,Anna University,Ahmedabad,Tier 2,Cold Email,HOD Wellness,Law,12746,33,Interest,Pilot (3 months),132,493548,13.5,426919,,Oct,Male,7.2,7,7,65.4,10,Low,Peer Support
LC0289,Amity University,Kolkata,Tier 2,,Registrar,Arts & Science,22089,87,Closed Won,Pilot (3 months),29,618686,4.5,590845,Online Portal,Apr,Male,7.8,5,5,33.7,8,Medium,Peer Support
LC0289,Manipal University,Lucknow,Tier 2,LinkedIn,VP Academics,Law,12437,58,Demo,Pilot (3 months),40,594339,10.1,534310,,Apr,Non-binary,4.8,11,8,58.4,6,High,Peer Support
LC0290,IIT Bombay,Hyderabad,Tier 1,College Partnership,Registrar,Arts & Science,7324,67,Demo,Semester,164,378872,9.5,342879,,Feb,Female,6.3,8,2,39.6,1,Low,Meditation
LC0291,Mumbai University,Kolkata,Tier 2,LinkedIn,Registrar,Medical,14876,52,Demo,Annual,118,2080805,15.9,1749957,,Jul,Non-binary,4.0,13,6,63.5,1,Low,Counseling Booking
LC0292,Mumbai University,Ahmedabad,Tier 2,Cold Email,Dean of Students,Engineering,22201,29,Awareness,Semester,169,1538199,29.0,1092121,,Apr,Male,5.2,7,5,24.9,2,High,Sleep Tracker
LC0293,IIT Bombay,Kolkata,Tier 2,Google Ads,VP Academics,MBA,11805,37,Demo,Pilot (3 months),116,455503,26.6,334339,,Aug,Non-binary,7.6,5,4,76.8,8,Medium,Peer Support
LC0294,VIT Vellore,Hyderabad,Tier 1,Cold Email,Dean of Students,Medical,21455,45,Demo,Annual,110,2336740,14.1,2007259,,Apr,Male,9.0,3,8,31.6,1,Low,Stress Tracker
LC0295,IIT Delhi,Bangalore,Tier 1,Cold Email,HOD Wellness,Medical,13022,39,Awareness,Semester,116,673082,17.1,557984,,Dec,Male,4.5,2,10,37.6,2,High,Meditation
LC0296,BITS Pilani,Mumbai,Tier 1,Cold Email,HOD Wellness,Engineering,18623,26,Closed Lost,Annual,129,1577554,26.7,1156347,,Jun,Male,6.0,3,10,14.4,3,High,Peer Support
LC0297,Amity University,Delhi,Tier 1,College Partnership,VP Academics,Medical,18702,85,Negotiation,Semester,105,958672,0.1,957713,,Feb,Female,8.0,8,4,18.4,8,Medium,Meditation
LC0298,Mumbai University,Kolkata,Tier 2,Cold Email,Director,Medical,19443,38,Interest,Annual,8,1660890,20.9,1313763,,Jul,Female,5.0,9,8,48.7,8,Medium,Stress Tracker
LC0299,BITS Pilani,Hyderabad,Tier 1,Google Ads,Registrar,Engineering,18051,54,Closed Lost,Semester,16,1349177,17.8,1109023,,Jan,Non-binary,6.8,3,2,30.1,1,Medium,Peer Support
LC0300,Mumbai University,Bangalore,Tier 1,Google Ads,Dean of Students,Medical,20445,52,Proposal,Pilot (3 months),143,662479,10.2,594906,,Nov,Non-binary,7.7,10,3,72.7,7,Medium,Counseling Booking
LC0301,IIT Delhi,Jaipur,Tier 2,Google Ads,VP Academics,Arts & Science,11823,35,Awareness,Semester,58,525288,22.5,407098,,Nov,Non-binary,7.1,6,5,11.1,4,Low,Meditation
LC0302,IIT Bombay,Ahmedabad,Tier 2,Referral,Dean of Students,Arts & Science,17561,73,Closed Lost,Pilot (3 months),102,829905,0.0,829905,,Oct,Female,4.9,8,1,38.4,3,Low,Peer Support
LC0303,Symbiosis Pune,Mumbai,Tier 1,Cold Email,Registrar,Arts & Science,2545,43,Proposal,Semester,10,201357,19.0,163099,,Feb,Non-binary,5.8,12,7,35.3,5,Medium,Peer Support
LC0304,Christ University,Jaipur,Tier 2,Google Ads,Director,Arts & Science,14070,52,Interest,Pilot (3 months),89,650963,16.6,542903,,Aug,Female,7.9,10,6,11.4,3,Medium,Meditation
LC0305,IIT Delhi,Hyderabad,Tier 1,Referral,Dean of Students,Medical,12854,79,Interest,Pilot (3 months),142,615421,0.0,615421,,Aug,Male,6.8,7,10,19.3,5,Medium,Stress Tracker
LC0306,Mumbai University,Delhi,Tier 1,Cold Email,VP Academics,MBA,24079,36,Proposal,Semester,55,1187181,24.2,899883,,Nov,Male,4.0,5,7,41.0,2,Medium,Meditation
LC0307,IIT Bombay,Ahmedabad,Tier 2,Cold Email,Registrar,Arts & Science,5591,50,Proposal,Semester,11,327868,21.9,256064,,Oct,Female,7.8,1,6,47.0,6,High,Sleep Tracker
LC0308,Anna University,Bangalore,Tier 1,LinkedIn,Registrar,Arts & Science,15649,47,Demo,Annual,180,1981056,24.8,1489754,,Sep,Female,4.2,5,8,40.3,5,High,Counseling Booking
LC0309,IIT Delhi,Ahmedabad,Tier 2,Cold Email,Director,Medical,21126,41,Closed Lost,Semester,8,1504865,23.1,1157241,,Mar,Male,7.7,7,6,49.8,2,High,Stress Tracker
LC0310,Osmania University,Jaipur,Tier 2,Conference,VP Academics,Law,12081,62,Closed Won,Annual,167,1003695,21.8,784889,Cheque,Aug,Female,5.0,5,7,54.6,6,High,Counseling Booking
LC0311,VIT Vellore,Jaipur,Tier 2,LinkedIn,Registrar,Medical,24545,52,Awareness,Semester,70,1871924,15.6,1579903,,Jan,Male,8.8,7,10,10.7,3,Low,Counseling Booking
LC0312,IIT Bombay,Lucknow,Tier 2,College Partnership,Dean of Students,Engineering,22619,88,Proposal,Annual,64,1994084,2.9,1936255,,Sep,Non-binary,5.8,8,3,44.8,1,High,Meditation
LC0313,Amity University,Chennai,Tier 1,Conference,HOD Wellness,Arts & Science,2873,74,Interest,Pilot (3 months),95,84384,5.6,79658,,Dec,Male,5.6,7,5,82.3,7,High,Sleep Tracker
LC0314,Mumbai University,Ahmedabad,Tier 2,College Partnership,VP Academics,Engineering,21559,84,Closed Won,Semester,86,1391696,7.7,1284535,Cheque,Jan,Male,4.7,6,6,48.9,5,High,Peer Support
LC0315,Pune University,Lucknow,Tier 2,Referral,Dean of Students,Arts & Science,17551,95,Awareness,Pilot (3 months),40,670984,5.2,636092,,Sep,Non-binary,5.5,8,10,60.8,4,High,Sleep Tracker
LC0316,Christ University,Jaipur,Tier 2,Conference,Director,Law,10700,65,Proposal,Semester,33,710090,15.2,602156,,Jul,Female,8.4,9,4,33.4,7,Medium,Stress Tracker
LC0317,Manipal University,Kolkata,Tier 2,LinkedIn,Director,MBA,23482,63,Closed Won,Annual,105,1845381,11.5,1633162,Bank Transfer,Oct,Non-binary,9.0,4,8,68.0,2,Medium,Sleep Tracker
LC0318,Mumbai University,Jaipur,Tier 2,College Partnership,Registrar,Law,20955,71,Closed Won,Semester,135,1652372,1.7,1624281,Online Portal,Aug,Male,5.8,12,6,68.0,2,Medium,Counseling Booking
LC0319,Amity University,Ahmedabad,Tier 2,College Partnership,Director,Medical,20927,78,Demo,Annual,157,1906935,0.0,1906935,,Sep,Male,6.2,7,3,49.1,1,Medium,Peer Support
LC0320,Delhi University,Bangalore,Tier 1,College Partnership,HOD Wellness,Medical,9456,73,Closed Won,Annual,85,769009,13.7,663654,Bank Transfer,Mar,Male,7.6,8,7,83.2,4,High,Sleep Tracker
LC0321,Symbiosis Pune,Ahmedabad,Tier 2,Cold Email,Dean of Students,Engineering,3682,36,Awareness,Semester,49,292083,15.8,245933,,Dec,Male,8.4,10,6,19.4,8,Low,Peer Support
LC0322,Anna University,Ahmedabad,Tier 2,LinkedIn,VP Academics,Engineering,21120,62,Closed Won,Pilot (3 months),23,991280,11.5,877282,Bank Transfer,Oct,Male,7.0,8,5,11.3,2,Medium,Sleep Tracker
LC0323,Anna University,Pune,Tier 1,College Partnership,Registrar,Medical,17743,65,Interest,Semester,18,1387668,11.4,1229473,,Mar,Non-binary,6.0,10,8,67.8,3,High,Peer Support
LC0324,BITS Pilani,Hyderabad,Tier 1,LinkedIn,VP Academics,Medical,7587,80,Negotiation,Pilot (3 months),83,329491,9.5,298189,,Dec,Male,6.1,8,10,70.5,10,Medium,Sleep Tracker
LC0325,BITS Pilani,Pune,Tier 1,Google Ads,Dean of Students,Medical,19178,32,Proposal,Annual,81,2285584,20.5,1817039,,Mar,Female,7.5,6,4,19.0,4,Medium,Stress Tracker
LC0326,Manipal University,Jaipur,Tier 2,Google Ads,HOD Wellness,Arts & Science,22611,30,Awareness,Semester,123,1472790,28.2,1057463,,Feb,Non-binary,4.0,9,6,29.9,9,Medium,Peer Support
LC0327,Mumbai University,Ahmedabad,Tier 2,Conference,Dean of Students,Law,22307,78,Interest,Semester,140,1018391,1.6,1002096,,Jul,Non-binary,7.1,4,7,11.3,8,Medium,Meditation
LC0328,Jamia Millia,Hyderabad,Tier 1,Cold Email,Dean of Students,Arts & Science,14458,44,Negotiation,Pilot (3 months),159,488721,23.4,374360,,Nov,Non-binary,5.8,8,5,32.0,1,High,Counseling Booking
LC0329,Manipal University,Pune,Tier 1,Google Ads,Registrar,MBA,6842,52,Negotiation,Semester,141,394461,10.8,351859,,Oct,Male,8.0,7,7,68.0,1,High,Peer Support
LC0330,Jamia Millia,Ahmedabad,Tier 2,,VP Academics,Arts & Science,24306,87,Closed Won,Annual,93,2204609,15.7,1858485,Cheque,Oct,Male,4.5,7,6,48.8,6,High,Counseling Booking
LC0331,SRM Chennai,Delhi,Tier 1,LinkedIn,Dean of Students,Medical,9936,54,Proposal,Semester,118,719203,9.1,653755,,Jun,Non-binary,6.9,7,2,36.1,2,Low,Sleep Tracker
LC0332,Mumbai University,Pune,Tier 1,College Partnership,Dean of Students,Arts & Science,3034,64,Proposal,Annual,41,326771,16.5,272853,,Sep,Male,6.4,2,10,37.9,7,Medium,Sleep Tracker
LC0333,IIT Bombay,Hyderabad,Tier 1,Referral,HOD Wellness,Engineering,20761,80,Proposal,Annual,94,1615939,8.2,1483432,,Jul,Female,7.2,6,4,10.1,3,Low,Sleep Tracker
LC0334,IIT Bombay,Pune,Tier 1,Conference,Director,Medical,24954,56,Interest,Pilot (3 months),132,730762,17.1,605801,,Jul,Female,4.3,8,10,32.5,8,Low,Sleep Tracker
LC0335,Christ University,Chennai,Tier 1,Referral,HOD Wellness,Law,5601,91,Demo,Pilot (3 months),98,226270,4.1,216992,,Oct,Male,6.9,8,9,58.5,2,Low,Sleep Tracker
LC0336,SRM Chennai,Chennai,Tier 1,Conference,VP Academics,Arts & Science,8251,63,Closed Lost,Annual,55,639299,14.4,547239,,Dec,Non-binary,6.8,4,3,83.1,4,High,Stress Tracker
LC0337,VIT Vellore,Jaipur,Tier 2,Google Ads,VP Academics,Medical,2620,35,Interest,Pilot (3 months),49,116403,22.2,90561,,Apr,Male,6.8,11,9,73.5,7,High,Counseling Booking
LC0338,SRM Chennai,Delhi,Tier 1,LinkedIn,Registrar,Engineering,16451,51,Demo,Pilot (3 months),110,590319,14.3,505903,,May,Male,7.0,5,1,11.8,2,Medium,Peer Support
LC0339,SRM Chennai,Bangalore,Tier 1,Conference,Director,Engineering,12279,69,Proposal,Annual,11,1308968,19.8,1049792,,Jul,F,7.4,10,8,77.4,2,High,Stress Tracker
LC0340,Manipal University,Bangalore,Tier 1,,VP Academics,Arts & Science,15722,68,Closed Lost,Semester,65,1051505,26.1,777062,,Jun,Non-binary,8.0,9,4,68.7,2,High,Stress Tracker
LC0341,Osmania University,Hyderabad,Tier 1,Referral,Director,Medical,6962,70,Interest,Semester,64,533544,12.2,468451,,May,Female,5.3,6,8,68.5,6,Low,Stress Tracker
LC0342,Symbiosis Pune,Kolkata,Tier 2,Conference,HOD Wellness,Law,15531,67,Proposal,Pilot (3 months),40,502387,8.2,461191,,Aug,Male,8.1,13,5,44.3,6,High,Stress Tracker
LC0343,IIT Delhi,Bangalore,Tier 1,Cold Email,VP Academics,MBA,24626,37,Interest,Pilot (3 months),61,991747,21.6,777529,,Mar,Non-binary,6.5,4,2,39.9,5,Medium,Stress Tracker
LC0344,Christ University,Hyderabad,Tier 1,Conference,Dean of Students,Engineering,8681,58,Proposal,Annual,12,978632,27.9,705593,,Mar,Non-binary,4.4,10,7,32.7,3,Medium,Counseling Booking
LC0345,Christ University,Delhi,Tier 1,College Partnership,VP Academics,MBA,15447,69,Awareness,Annual,157,1409168,11.0,1254159,,Jul,Female,4.3,11,8,14.9,7,Low,Peer Support
LC0346,Christ University,Kolkata,Tier 2,Google Ads,Director,Law,18443,47,Closed Lost,Annual,136,2494625,30.2,1741248,,Oct,Non-binary,5.7,5,3,27.1,3,High,Counseling Booking
LC0347,IIT Bombay,Kolkata,Tier 2,,VP Academics,Arts & Science,22036,37,Closed Lost,Annual,50,2851781,30.4,1984839,,Dec,Non-binary,7.9,12,5,28.5,3,Low,Peer Support
LC0348,IIT Delhi,Chennai,Tier 1,Cold Email,Registrar,Engineering,17453,18,Interest,Semester,38,1215688,19.2,982275,,Dec,Non-binary,7.5,7,4,46.3,2,Medium,Stress Tracker
LC0349,SRM Chennai,Jaipur,Tier 2,,Dean of Students,MBA,4040,66,Negotiation,Annual,100,538297,17.8,442480,,Sep,Female,7.9,8,5,66.1,9,Medium,Stress Tracker
LC0350,Symbiosis Pune,Ahmedabad,Tier 2,Conference,Registrar,Engineering,6524,62,Closed Lost,Annual,173,877120,23.1,674505,,May,Male,6.6,8,3,45.5,10,High,Sleep Tracker
